size,speedup
4096,1.014909368
8192,1.16051534
16384,1.193042114
32768,1.567709958
65536,2.005868431