size,speedup
4096,1.055267505
8192,1.021064223
16384,1.13693635
32768,1.17545177
65536,1.017415762
131072,1.447096203